{
    "loss": 0.3443390130996704,
    "accuracy": 0.9136690497398376
}