{
    "loss": 0.3961089849472046,
    "accuracy": 0.9064748287200928
}